{
    "light 0": 0.8935064053227083,
    "light 1": 0.7434258523298841,
    "light 2": 0.595120591081134,
    "light 3": 0.7679471512662736
}
